date;id;specialization;vacancy_counts;resume_counts;category
2022-07-21;17;Продажи;291152;64255;17-Продажи
2022-07-21;15;Начало карьеры, студенты;145114;45836;15-Начало карьеры, студенты
2022-07-21;20;Строительство, недвижимость;136603;33234;20-Строительство, недвижимость
2022-07-21;29;Рабочий персонал;132184;16619;29-Рабочий персонал
2022-07-21;21;Транспорт, логистика;104418;40248;21-Транспорт, логистика
2022-07-21;18;Производство, сельское хозяйство;98583;43089;18-Производство, сельское хозяйство
2022-07-21;1;Информационные технологии, интернет, телеком;84380;35033;01-Информационные технологии, интернет, телеком
2022-07-21;4;Административный персонал;65499;38419;04-Административный персонал
2022-07-21;13;Медицина, фармацевтика;51570;7982;13-Медицина, фармацевтика
2022-07-21;3;Маркетинг, реклама, PR;41038;20765;03-Маркетинг, реклама, PR
2022-07-21;2;Бухгалтерия, управленческий учет, финансы предприятия;39099;27388;02-Бухгалтерия, управленческий учет, финансы предприятия
2022-07-21;22;Туризм, гостиницы, рестораны;32377;11736;22-Туризм, гостиницы, рестораны
2022-07-21;8;Безопасность;20298;10343;08-Безопасность
2022-07-21;5;Банки, инвестиции, лизинг;18419;6635;05-Банки, инвестиции, лизинг
2022-07-21;10;Добыча сырья;18355;6503;10-Добыча сырья
2022-07-21;9;Высший менеджмент;17524;13362;09-Высший менеджмент
2022-07-21;12;Консультирование;16492;803;12-Консультирование
2022-07-21;24;Спортивные клубы, фитнес, салоны красоты;15680;3980;24-Спортивные клубы, фитнес, салоны красоты
2022-07-21;6;Управление персоналом, тренинги;14439;8760;06-Управление персоналом, тренинги
2022-07-21;25;Инсталляция и сервис;14420;5291;25-Инсталляция и сервис
2022-07-21;26;Закупки;12071;6148;26-Закупки
2022-07-21;14;Наука, образование;10736;8366;14-Наука, образование
2022-07-21;11;Искусство, развлечения, масс-медиа;10301;9118;11-Искусство, развлечения, масс-медиа
2022-07-21;27;Домашний персонал;10026;1035;27-Домашний персонал
2022-07-21;7;Автомобильный бизнес;9717;5391;07-Автомобильный бизнес
2022-07-21;23;Юристы;8504;10893;23-Юристы
2022-07-21;16;Государственная служба, некоммерческие организации;2601;2125;16-Государственная служба, некоммерческие организации
2022-07-21;19;Страхование;837;715;19-Страхование
2022-07-22;17;Продажи;292877;64186;17-Продажи
2022-07-22;15;Начало карьеры, студенты;145663;45703;15-Начало карьеры, студенты
2022-07-22;20;Строительство, недвижимость;136299;33233;20-Строительство, недвижимость
2022-07-22;29;Рабочий персонал;131284;16593;29-Рабочий персонал
2022-07-22;21;Транспорт, логистика;103049;40157;21-Транспорт, логистика
2022-07-22;18;Производство, сельское хозяйство;98350;43148;18-Производство, сельское хозяйство
2022-07-22;1;Информационные технологии, интернет, телеком;83916;34884;01-Информационные технологии, интернет, телеком
2022-07-22;4;Административный персонал;65351;38359;04-Административный персонал
2022-07-22;13;Медицина, фармацевтика;51420;8036;13-Медицина, фармацевтика
2022-07-22;3;Маркетинг, реклама, PR;41041;20705;03-Маркетинг, реклама, PR
2022-07-22;2;Бухгалтерия, управленческий учет, финансы предприятия;39051;27381;02-Бухгалтерия, управленческий учет, финансы предприятия
2022-07-22;22;Туризм, гостиницы, рестораны;32112;11704;22-Туризм, гостиницы, рестораны
2022-07-22;8;Безопасность;20944;10317;08-Безопасность
2022-07-22;10;Добыча сырья;18556;6504;10-Добыча сырья
2022-07-22;5;Банки, инвестиции, лизинг;18370;6631;05-Банки, инвестиции, лизинг
2022-07-22;9;Высший менеджмент;17552;13340;09-Высший менеджмент
2022-07-22;12;Консультирование;16467;800;12-Консультирование
2022-07-22;24;Спортивные клубы, фитнес, салоны красоты;15588;3980;24-Спортивные клубы, фитнес, салоны красоты
2022-07-22;6;Управление персоналом, тренинги;14403;8747;06-Управление персоналом, тренинги
2022-07-22;25;Инсталляция и сервис;14362;5315;25-Инсталляция и сервис
2022-07-22;26;Закупки;12022;6153;26-Закупки
2022-07-22;14;Наука, образование;10964;8384;14-Наука, образование
2022-07-22;11;Искусство, развлечения, масс-медиа;10300;9064;11-Искусство, развлечения, масс-медиа
2022-07-22;27;Домашний персонал;9944;1048;27-Домашний персонал
2022-07-22;7;Автомобильный бизнес;9671;5359;07-Автомобильный бизнес
2022-07-22;23;Юристы;8473;10929;23-Юристы
2022-07-22;16;Государственная служба, некоммерческие организации;2609;2121;16-Государственная служба, некоммерческие организации
2022-07-22;19;Страхование;826;704;19-Страхование
2022-07-23;17;Продажи;287094;64197;17-Продажи
2022-07-23;15;Начало карьеры, студенты;142753;45747;15-Начало карьеры, студенты
2022-07-23;20;Строительство, недвижимость;133116;33227;20-Строительство, недвижимость
2022-07-23;29;Рабочий персонал;128611;16634;29-Рабочий персонал
2022-07-23;21;Транспорт, логистика;101142;40178;21-Транспорт, логистика
2022-07-23;18;Производство, сельское хозяйство;96182;43202;18-Производство, сельское хозяйство
2022-07-23;1;Информационные технологии, интернет, телеком;82325;34887;01-Информационные технологии, интернет, телеком
2022-07-23;4;Административный персонал;64235;38392;04-Административный персонал
2022-07-23;13;Медицина, фармацевтика;50263;8061;13-Медицина, фармацевтика
2022-07-23;3;Маркетинг, реклама, PR;40205;20692;03-Маркетинг, реклама, PR
2022-07-23;2;Бухгалтерия, управленческий учет, финансы предприятия;38256;27411;02-Бухгалтерия, управленческий учет, финансы предприятия
2022-07-23;22;Туризм, гостиницы, рестораны;31552;11729;22-Туризм, гостиницы, рестораны
2022-07-23;8;Безопасность;20444;10326;08-Безопасность
2022-07-23;10;Добыча сырья;18188;6490;10-Добыча сырья
2022-07-23;5;Банки, инвестиции, лизинг;18104;6593;05-Банки, инвестиции, лизинг
2022-07-23;9;Высший менеджмент;17180;13326;09-Высший менеджмент
2022-07-23;12;Консультирование;16204;799;12-Консультирование
2022-07-23;24;Спортивные клубы, фитнес, салоны красоты;15329;3997;24-Спортивные клубы, фитнес, салоны красоты
2022-07-23;6;Управление персоналом, тренинги;14130;8754;06-Управление персоналом, тренинги
2022-07-23;25;Инсталляция и сервис;14048;5311;25-Инсталляция и сервис
2022-07-23;26;Закупки;11809;6159;26-Закупки
2022-07-23;14;Наука, образование;10748;8384;14-Наука, образование
2022-07-23;11;Искусство, развлечения, масс-медиа;10064;9045;11-Искусство, развлечения, масс-медиа
2022-07-23;27;Домашний персонал;9727;1050;27-Домашний персонал
2022-07-23;7;Автомобильный бизнес;9478;5370;07-Автомобильный бизнес
2022-07-23;23;Юристы;8309;10947;23-Юристы
2022-07-23;16;Государственная служба, некоммерческие организации;2374;2103;16-Государственная служба, некоммерческие организации
2022-07-23;19;Страхование;791;701;19-Страхование
2022-07-24;17;Продажи;283069;64282;17-Продажи
2022-07-24;15;Начало карьеры, студенты;141019;45857;15-Начало карьеры, студенты
2022-07-24;20;Строительство, недвижимость;129863;33255;20-Строительство, недвижимость
2022-07-24;29;Рабочий персонал;124540;16664;29-Рабочий персонал
2022-07-24;21;Транспорт, логистика;97725;40232;21-Транспорт, логистика
2022-07-24;18;Производство, сельское хозяйство;93908;43270;18-Производство, сельское хозяйство
2022-07-24;1;Информационные технологии, интернет, телеком;80751;34974;01-Информационные технологии, интернет, телеком
2022-07-24;4;Административный персонал;63202;38467;04-Административный персонал
2022-07-24;13;Медицина, фармацевтика;49070;8082;13-Медицина, фармацевтика
2022-07-24;3;Маркетинг, реклама, PR;39526;20729;03-Маркетинг, реклама, PR
2022-07-24;2;Бухгалтерия, управленческий учет, финансы предприятия;37504;27470;02-Бухгалтерия, управленческий учет, финансы предприятия
2022-07-24;22;Туризм, гостиницы, рестораны;30899;11759;22-Туризм, гостиницы, рестораны
2022-07-24;8;Безопасность;20065;10324;08-Безопасность
2022-07-24;5;Банки, инвестиции, лизинг;17772;6590;05-Банки, инвестиции, лизинг
2022-07-24;10;Добыча сырья;17622;6508;10-Добыча сырья
2022-07-24;9;Высший менеджмент;16822;13328;09-Высший менеджмент
2022-07-24;12;Консультирование;15911;799;12-Консультирование
2022-07-24;24;Спортивные клубы, фитнес, салоны красоты;15027;3996;24-Спортивные клубы, фитнес, салоны красоты
2022-07-24;6;Управление персоналом, тренинги;13923;8764;06-Управление персоналом, тренинги
2022-07-24;25;Инсталляция и сервис;13678;5308;25-Инсталляция и сервис
2022-07-24;26;Закупки;11562;6172;26-Закупки
2022-07-24;14;Наука, образование;10568;8415;14-Наука, образование
2022-07-24;11;Искусство, развлечения, масс-медиа;9842;9057;11-Искусство, развлечения, масс-медиа
2022-07-24;27;Домашний персонал;9515;1053;27-Домашний персонал
2022-07-24;7;Автомобильный бизнес;9322;5381;07-Автомобильный бизнес
2022-07-24;23;Юристы;8130;10963;23-Юристы
2022-07-24;16;Государственная служба, некоммерческие организации;2369;2093;16-Государственная служба, некоммерческие организации
2022-07-24;19;Страхование;768;697;19-Страхование
2022-07-25;17;Продажи;289512;64538;17-Продажи
2022-07-25;15;Начало карьеры, студенты;143880;45954;15-Начало карьеры, студенты
2022-07-25;20;Строительство, недвижимость;133779;33362;20-Строительство, недвижимость
2022-07-25;29;Рабочий персонал;128022;16669;29-Рабочий персонал
2022-07-25;21;Транспорт, логистика;100093;40313;21-Транспорт, логистика
2022-07-25;18;Производство, сельское хозяйство;96771;43430;18-Производство, сельское хозяйство
2022-07-25;1;Информационные технологии, интернет, телеком;82687;35106;01-Информационные технологии, интернет, телеком
2022-07-25;4;Административный персонал;65146;38606;04-Административный персонал
2022-07-25;13;Медицина, фармацевтика;50121;8089;13-Медицина, фармацевтика
2022-07-25;3;Маркетинг, реклама, PR;40508;20817;03-Маркетинг, реклама, PR
2022-07-25;2;Бухгалтерия, управленческий учет, финансы предприятия;38335;27607;02-Бухгалтерия, управленческий учет, финансы предприятия
2022-07-25;22;Туризм, гостиницы, рестораны;31649;11819;22-Туризм, гостиницы, рестораны
2022-07-25;8;Безопасность;20481;10339;08-Безопасность
2022-07-25;5;Банки, инвестиции, лизинг;18134;6580;05-Банки, инвестиции, лизинг
2022-07-25;10;Добыча сырья;18068;6513;10-Добыча сырья
2022-07-25;9;Высший менеджмент;17246;13342;09-Высший менеджмент
2022-07-25;12;Консультирование;16239;800;12-Консультирование
2022-07-25;24;Спортивные клубы, фитнес, салоны красоты;15421;3994;24-Спортивные клубы, фитнес, салоны красоты
2022-07-25;6;Управление персоналом, тренинги;14276;8805;06-Управление персоналом, тренинги
2022-07-25;25;Инсталляция и сервис;14052;5348;25-Инсталляция и сервис
2022-07-25;26;Закупки;11895;6194;26-Закупки
2022-07-25;14;Наука, образование;10877;8431;14-Наука, образование
2022-07-25;11;Искусство, развлечения, масс-медиа;10105;9085;11-Искусство, развлечения, масс-медиа
2022-07-25;27;Домашний персонал;9805;1057;27-Домашний персонал
2022-07-25;7;Автомобильный бизнес;9552;5377;07-Автомобильный бизнес
2022-07-25;23;Юристы;8351;11008;23-Юристы
2022-07-25;16;Государственная служба, некоммерческие организации;2369;2082;16-Государственная служба, некоммерческие организации
2022-07-25;19;Страхование;792;704;19-Страхование
2022-07-26;17;Продажи;296124;64725;17-Продажи
2022-07-26;15;Начало карьеры, студенты;146954;45894;15-Начало карьеры, студенты
2022-07-26;20;Строительство, недвижимость;137339;33371;20-Строительство, недвижимость
2022-07-26;29;Рабочий персонал;131452;16687;29-Рабочий персонал
2022-07-26;21;Транспорт, логистика;102656;40278;21-Транспорт, логистика
2022-07-26;18;Производство, сельское хозяйство;98945;43440;18-Производство, сельское хозяйство
2022-07-26;1;Информационные технологии, интернет, телеком;84358;35112;01-Информационные технологии, интернет, телеком
2022-07-26;4;Административный персонал;66797;38615;04-Административный персонал
2022-07-26;13;Медицина, фармацевтика;51026;8077;13-Медицина, фармацевтика
2022-07-26;3;Маркетинг, реклама, PR;41471;20807;03-Маркетинг, реклама, PR
2022-07-26;2;Бухгалтерия, управленческий учет, финансы предприятия;39375;27703;02-Бухгалтерия, управленческий учет, финансы предприятия
2022-07-26;22;Туризм, гостиницы, рестораны;32329;11800;22-Туризм, гостиницы, рестораны
2022-07-26;8;Безопасность;20955;10348;08-Безопасность
2022-07-26;5;Банки, инвестиции, лизинг;18519;6567;05-Банки, инвестиции, лизинг
2022-07-26;10;Добыча сырья;18450;6512;10-Добыча сырья
2022-07-26;9;Высший менеджмент;17602;13284;09-Высший менеджмент
2022-07-26;12;Консультирование;16535;796;12-Консультирование
2022-07-26;24;Спортивные клубы, фитнес, салоны красоты;15870;4000;24-Спортивные клубы, фитнес, салоны красоты
2022-07-26;6;Управление персоналом, тренинги;14643;8828;06-Управление персоналом, тренинги
2022-07-26;25;Инсталляция и сервис;14410;5362;25-Инсталляция и сервис
2022-07-26;26;Закупки;12276;6231;26-Закупки
2022-07-26;14;Наука, образование;11424;8429;14-Наука, образование
2022-07-26;11;Искусство, развлечения, масс-медиа;10404;9053;11-Искусство, развлечения, масс-медиа
2022-07-26;27;Домашний персонал;10065;1048;27-Домашний персонал
2022-07-26;7;Автомобильный бизнес;9756;5366;07-Автомобильный бизнес
2022-07-26;23;Юристы;8605;10999;23-Юристы
2022-07-26;16;Государственная служба, некоммерческие организации;2405;2079;16-Государственная служба, некоммерческие организации
2022-07-26;19;Страхование;814;694;19-Страхование
2022-07-27;17;Продажи;294747;64783;17-Продажи
2022-07-27;15;Начало карьеры, студенты;146126;45826;15-Начало карьеры, студенты
2022-07-27;20;Строительство, недвижимость;137589;33383;20-Строительство, недвижимость
2022-07-27;29;Рабочий персонал;131972;16673;29-Рабочий персонал
2022-07-27;21;Транспорт, логистика;102849;40294;21-Транспорт, логистика
2022-07-27;18;Производство, сельское хозяйство;98713;43416;18-Производство, сельское хозяйство
2022-07-27;1;Информационные технологии, интернет, телеком;84094;35123;01-Информационные технологии, интернет, телеком
2022-07-27;4;Административный персонал;66707;38642;04-Административный персонал
2022-07-27;13;Медицина, фармацевтика;49937;8092;13-Медицина, фармацевтика
2022-07-27;3;Маркетинг, реклама, PR;41414;20758;03-Маркетинг, реклама, PR
2022-07-27;2;Бухгалтерия, управленческий учет, финансы предприятия;39163;27756;02-Бухгалтерия, управленческий учет, финансы предприятия
2022-07-27;22;Туризм, гостиницы, рестораны;32398;11780;22-Туризм, гостиницы, рестораны
2022-07-27;8;Безопасность;21090;10363;08-Безопасность
2022-07-27;5;Банки, инвестиции, лизинг;18408;6564;05-Банки, инвестиции, лизинг
2022-07-27;10;Добыча сырья;18367;6493;10-Добыча сырья
2022-07-27;9;Высший менеджмент;17545;13287;09-Высший менеджмент
2022-07-27;12;Консультирование;16473;796;12-Консультирование
2022-07-27;24;Спортивные клубы, фитнес, салоны красоты;15824;3989;24-Спортивные клубы, фитнес, салоны красоты
2022-07-27;6;Управление персоналом, тренинги;14638;8837;06-Управление персоналом, тренинги
2022-07-27;25;Инсталляция и сервис;14366;5371;25-Инсталляция и сервис
2022-07-27;26;Закупки;12275;6242;26-Закупки
2022-07-27;14;Наука, образование;11762;8440;14-Наука, образование
2022-07-27;11;Искусство, развлечения, масс-медиа;10420;9031;11-Искусство, развлечения, масс-медиа
2022-07-27;27;Домашний персонал;10112;1055;27-Домашний персонал
2022-07-27;7;Автомобильный бизнес;9789;5340;07-Автомобильный бизнес
2022-07-27;23;Юристы;8525;10996;23-Юристы
2022-07-27;16;Государственная служба, некоммерческие организации;2474;2066;16-Государственная служба, некоммерческие организации
2022-07-27;19;Страхование;821;693;19-Страхование
2022-07-28;17;Продажи;294630;65024;17-Продажи
2022-07-28;15;Начало карьеры, студенты;145930;46008;15-Начало карьеры, студенты
2022-07-28;20;Строительство, недвижимость;138029;33566;20-Строительство, недвижимость
2022-07-28;29;Рабочий персонал;132716;16759;29-Рабочий персонал
2022-07-28;21;Транспорт, логистика;103188;40452;21-Транспорт, логистика
2022-07-28;18;Производство, сельское хозяйство;98813;43586;18-Производство, сельское хозяйство
2022-07-28;1;Информационные технологии, интернет, телеком;84120;35273;01-Информационные технологии, интернет, телеком
2022-07-28;4;Административный персонал;66435;38840;04-Административный персонал
2022-07-28;13;Медицина, фармацевтика;50266;8107;13-Медицина, фармацевтика
2022-07-28;3;Маркетинг, реклама, PR;41315;20860;03-Маркетинг, реклама, PR
2022-07-28;2;Бухгалтерия, управленческий учет, финансы предприятия;39051;27942;02-Бухгалтерия, управленческий учет, финансы предприятия
2022-07-28;22;Туризм, гостиницы, рестораны;32280;11820;22-Туризм, гостиницы, рестораны
2022-07-28;8;Безопасность;21000;10397;08-Безопасность
2022-07-28;10;Добыча сырья;18557;6505;10-Добыча сырья
2022-07-28;5;Банки, инвестиции, лизинг;18313;6582;05-Банки, инвестиции, лизинг
2022-07-28;9;Высший менеджмент;17587;13331;09-Высший менеджмент
2022-07-28;12;Консультирование;16496;800;12-Консультирование
2022-07-28;24;Спортивные клубы, фитнес, салоны красоты;15829;3994;24-Спортивные клубы, фитнес, салоны красоты
2022-07-28;6;Управление персоналом, тренинги;14583;8874;06-Управление персоналом, тренинги
2022-07-28;25;Инсталляция и сервис;14329;5410;25-Инсталляция и сервис
2022-07-28;26;Закупки;12228;6262;26-Закупки
2022-07-28;14;Наука, образование;11853;8475;14-Наука, образование
2022-07-28;11;Искусство, развлечения, масс-медиа;10430;9048;11-Искусство, развлечения, масс-медиа
2022-07-28;27;Домашний персонал;10100;1054;27-Домашний персонал
2022-07-28;7;Автомобильный бизнес;9781;5367;07-Автомобильный бизнес
2022-07-28;23;Юристы;8485;11074;23-Юристы
2022-07-28;16;Государственная служба, некоммерческие организации;2495;2071;16-Государственная служба, некоммерческие организации
2022-07-28;19;Страхование;820;695;19-Страхование
2022-07-29;17;Продажи;293896;64593;17-Продажи
2022-07-29;15;Начало карьеры, студенты;145159;45823;15-Начало карьеры, студенты
2022-07-29;20;Строительство, недвижимость;137583;33465;20-Строительство, недвижимость
2022-07-29;29;Рабочий персонал;132405;16675;29-Рабочий персонал
2022-07-29;21;Транспорт, логистика;102525;40231;21-Транспорт, логистика
2022-07-29;18;Производство, сельское хозяйство;98171;43448;18-Производство, сельское хозяйство
2022-07-29;1;Информационные технологии, интернет, телеком;83943;35081;01-Информационные технологии, интернет, телеком
2022-07-29;4;Административный персонал;66126;38703;04-Административный персонал
2022-07-29;13;Медицина, фармацевтика;50442;8092;13-Медицина, фармацевтика
2022-07-29;3;Маркетинг, реклама, PR;41019;20789;03-Маркетинг, реклама, PR
2022-07-29;2;Бухгалтерия, управленческий учет, финансы предприятия;38791;27898;02-Бухгалтерия, управленческий учет, финансы предприятия
2022-07-29;22;Туризм, гостиницы, рестораны;32144;11781;22-Туризм, гостиницы, рестораны
2022-07-29;8;Безопасность;20766;10349;08-Безопасность
2022-07-29;10;Добыча сырья;18452;6496;10-Добыча сырья
2022-07-29;5;Банки, инвестиции, лизинг;18215;6516;05-Банки, инвестиции, лизинг
2022-07-29;9;Высший менеджмент;17504;13273;09-Высший менеджмент
2022-07-29;12;Консультирование;16489;800;12-Консультирование
2022-07-29;24;Спортивные клубы, фитнес, салоны красоты;15798;3983;24-Спортивные клубы, фитнес, салоны красоты
2022-07-29;6;Управление персоналом, тренинги;14583;8836;06-Управление персоналом, тренинги
2022-07-29;25;Инсталляция и сервис;14339;5409;25-Инсталляция и сервис
2022-07-29;26;Закупки;12153;6265;26-Закупки
2022-07-29;14;Наука, образование;11764;8457;14-Наука, образование
2022-07-29;11;Искусство, развлечения, масс-медиа;10368;8978;11-Искусство, развлечения, масс-медиа
2022-07-29;27;Домашний персонал;10104;1026;27-Домашний персонал
2022-07-29;7;Автомобильный бизнес;9748;5370;07-Автомобильный бизнес
2022-07-29;23;Юристы;8491;11030;23-Юристы
2022-07-29;16;Государственная служба, некоммерческие организации;2499;2044;16-Государственная служба, некоммерческие организации
2022-07-29;19;Страхование;809;687;19-Страхование
2022-07-30;17;Продажи;289886;64636;17-Продажи
2022-07-30;15;Начало карьеры, студенты;143269;45870;15-Начало карьеры, студенты
2022-07-30;20;Строительство, недвижимость;135069;33460;20-Строительство, недвижимость
2022-07-30;29;Рабочий персонал;130239;16666;29-Рабочий персонал
2022-07-30;21;Транспорт, логистика;100655;40253;21-Транспорт, логистика
2022-07-30;18;Производство, сельское хозяйство;96417;43468;18-Производство, сельское хозяйство
2022-07-30;1;Информационные технологии, интернет, телеком;82573;35022;01-Информационные технологии, интернет, телеком
2022-07-30;4;Административный персонал;65045;38753;04-Административный персонал
2022-07-30;13;Медицина, фармацевтика;49956;8084;13-Медицина, фармацевтика
2022-07-30;3;Маркетинг, реклама, PR;40272;20824;03-Маркетинг, реклама, PR
2022-07-30;2;Бухгалтерия, управленческий учет, финансы предприятия;38063;27935;02-Бухгалтерия, управленческий учет, финансы предприятия
2022-07-30;22;Туризм, гостиницы, рестораны;31684;11802;22-Туризм, гостиницы, рестораны
2022-07-30;8;Безопасность;20338;10345;08-Безопасность
2022-07-30;10;Добыча сырья;18016;6490;10-Добыча сырья
2022-07-30;5;Банки, инвестиции, лизинг;17909;6523;05-Банки, инвестиции, лизинг
2022-07-30;9;Высший менеджмент;17186;13262;09-Высший менеджмент
2022-07-30;12;Консультирование;16251;801;12-Консультирование
2022-07-30;24;Спортивные клубы, фитнес, салоны красоты;15559;4004;24-Спортивные клубы, фитнес, салоны красоты
2022-07-30;6;Управление персоналом, тренинги;14282;8836;06-Управление персоналом, тренинги
2022-07-30;25;Инсталляция и сервис;14066;5414;25-Инсталляция и сервис
2022-07-30;26;Закупки;11920;6274;26-Закупки
2022-07-30;14;Наука, образование;11726;8451;14-Наука, образование
2022-07-30;11;Искусство, развлечения, масс-медиа;10170;8951;11-Искусство, развлечения, масс-медиа
2022-07-30;27;Домашний персонал;9955;1024;27-Домашний персонал
2022-07-30;7;Автомобильный бизнес;9592;5357;07-Автомобильный бизнес
2022-07-30;23;Юристы;8315;11023;23-Юристы
2022-07-30;16;Государственная служба, некоммерческие организации;2487;2039;16-Государственная служба, некоммерческие организации
2022-07-30;19;Страхование;798;688;19-Страхование
2022-07-31;17;Продажи;285214;64695;17-Продажи
2022-07-31;15;Начало карьеры, студенты;140963;45919;15-Начало карьеры, студенты
2022-07-31;20;Строительство, недвижимость;132068;33499;20-Строительство, недвижимость
2022-07-31;29;Рабочий персонал;127244;16668;29-Рабочий персонал
2022-07-31;21;Транспорт, логистика;98861;40303;21-Транспорт, логистика
2022-07-31;18;Производство, сельское хозяйство;94117;43483;18-Производство, сельское хозяйство
2022-07-31;1;Информационные технологии, интернет, телеком;80696;35060;01-Информационные технологии, интернет, телеком
2022-07-31;4;Административный персонал;63836;38770;04-Административный персонал
2022-07-31;13;Медицина, фармацевтика;49362;8085;13-Медицина, фармацевтика
2022-07-31;3;Маркетинг, реклама, PR;39330;20850;03-Маркетинг, реклама, PR
2022-07-31;2;Бухгалтерия, управленческий учет, финансы предприятия;37359;27964;02-Бухгалтерия, управленческий учет, финансы предприятия
2022-07-31;22;Туризм, гостиницы, рестораны;31095;11808;22-Туризм, гостиницы, рестораны
2022-07-31;8;Безопасность;19841;10355;08-Безопасность
2022-07-31;10;Добыча сырья;17581;6464;10-Добыча сырья
2022-07-31;5;Банки, инвестиции, лизинг;17570;6517;05-Банки, инвестиции, лизинг
2022-07-31;9;Высший менеджмент;16852;13282;09-Высший менеджмент
2022-07-31;12;Консультирование;15948;805;12-Консультирование
2022-07-31;24;Спортивные клубы, фитнес, салоны красоты;15270;4014;24-Спортивные клубы, фитнес, салоны красоты
2022-07-31;6;Управление персоналом, тренинги;14048;8845;06-Управление персоналом, тренинги
2022-07-31;25;Инсталляция и сервис;13778;5417;25-Инсталляция и сервис
2022-07-31;26;Закупки;11665;6268;26-Закупки
2022-07-31;14;Наука, образование;11572;8464;14-Наука, образование
2022-07-31;11;Искусство, развлечения, масс-медиа;9899;8953;11-Искусство, развлечения, масс-медиа
2022-07-31;27;Домашний персонал;9756;1016;27-Домашний персонал
2022-07-31;7;Автомобильный бизнес;9420;5347;07-Автомобильный бизнес
2022-07-31;23;Юристы;8149;11025;23-Юристы
2022-07-31;16;Государственная служба, некоммерческие организации;2469;2041;16-Государственная служба, некоммерческие организации
2022-07-31;19;Страхование;772;687;19-Страхование
2022-08-01;17;Продажи;291566;64989;17-Продажи
2022-08-01;15;Начало карьеры, студенты;143923;46112;15-Начало карьеры, студенты
2022-08-01;20;Строительство, недвижимость;135905;33625;20-Строительство, недвижимость
2022-08-01;29;Рабочий персонал;131105;16722;29-Рабочий персонал
2022-08-01;21;Транспорт, логистика;102144;40414;21-Транспорт, логистика
2022-08-01;18;Производство, сельское хозяйство;96858;43530;18-Производство, сельское хозяйство
2022-08-01;1;Информационные технологии, интернет, телеком;83062;35115;01-Информационные технологии, интернет, телеком
2022-08-01;4;Административный персонал;65584;38961;04-Административный персонал
2022-08-01;13;Медицина, фармацевтика;50585;8088;13-Медицина, фармацевтика
2022-08-01;3;Маркетинг, реклама, PR;40515;20840;03-Маркетинг, реклама, PR
2022-08-01;2;Бухгалтерия, управленческий учет, финансы предприятия;38336;28057;02-Бухгалтерия, управленческий учет, финансы предприятия
2022-08-01;22;Туризм, гостиницы, рестораны;31904;11823;22-Туризм, гостиницы, рестораны
2022-08-01;8;Безопасность;20145;10358;08-Безопасность
2022-08-01;10;Добыча сырья;18094;6452;10-Добыча сырья
2022-08-01;5;Банки, инвестиции, лизинг;17987;6555;05-Банки, инвестиции, лизинг
2022-08-01;9;Высший менеджмент;17285;13254;09-Высший менеджмент
2022-08-01;12;Консультирование;16280;800;12-Консультирование
2022-08-01;24;Спортивные клубы, фитнес, салоны красоты;15738;4044;24-Спортивные клубы, фитнес, салоны красоты
2022-08-01;6;Управление персоналом, тренинги;14402;8909;06-Управление персоналом, тренинги
2022-08-01;25;Инсталляция и сервис;14195;5444;25-Инсталляция и сервис
2022-08-01;26;Закупки;12021;6287;26-Закупки
2022-08-01;14;Наука, образование;12001;8518;14-Наука, образование
2022-08-01;11;Искусство, развлечения, масс-медиа;10296;8978;11-Искусство, развлечения, масс-медиа
2022-08-01;27;Домашний персонал;10085;1027;27-Домашний персонал
2022-08-01;7;Автомобильный бизнес;9703;5348;07-Автомобильный бизнес
2022-08-01;23;Юристы;8342;11055;23-Юристы
2022-08-01;16;Государственная служба, некоммерческие организации;2527;2041;16-Государственная служба, некоммерческие организации
2022-08-01;19;Страхование;778;687;19-Страхование
2022-08-02;17;Продажи;298200;65104;17-Продажи
2022-08-02;15;Начало карьеры, студенты;146984;46235;15-Начало карьеры, студенты
2022-08-02;20;Строительство, недвижимость;139398;33646;20-Строительство, недвижимость
2022-08-02;29;Рабочий персонал;134682;16709;29-Рабочий персонал
2022-08-02;21;Транспорт, логистика;104894;40411;21-Транспорт, логистика
2022-08-02;18;Производство, сельское хозяйство;99330;43587;18-Производство, сельское хозяйство
2022-08-02;1;Информационные технологии, интернет, телеком;85154;35218;01-Информационные технологии, интернет, телеком
2022-08-02;4;Административный персонал;67307;39094;04-Административный персонал
2022-08-02;13;Медицина, фармацевтика;51505;8101;13-Медицина, фармацевтика
2022-08-02;3;Маркетинг, реклама, PR;41361;20910;03-Маркетинг, реклама, PR
2022-08-02;2;Бухгалтерия, управленческий учет, финансы предприятия;39289;28138;02-Бухгалтерия, управленческий учет, финансы предприятия
2022-08-02;22;Туризм, гостиницы, рестораны;32713;11831;22-Туризм, гостиницы, рестораны
2022-08-02;8;Безопасность;20296;10373;08-Безопасность
2022-08-02;10;Добыча сырья;18507;6428;10-Добыча сырья
2022-08-02;5;Банки, инвестиции, лизинг;18395;6568;05-Банки, инвестиции, лизинг
2022-08-02;9;Высший менеджмент;17760;13258;09-Высший менеджмент
2022-08-02;12;Консультирование;16592;797;12-Консультирование
2022-08-02;24;Спортивные клубы, фитнес, салоны красоты;16147;4079;24-Спортивные клубы, фитнес, салоны красоты
2022-08-02;6;Управление персоналом, тренинги;14774;8917;06-Управление персоналом, тренинги
2022-08-02;25;Инсталляция и сервис;14545;5457;25-Инсталляция и сервис
2022-08-02;14;Наука, образование;12453;8544;14-Наука, образование
2022-08-02;26;Закупки;12353;6268;26-Закупки
2022-08-02;11;Искусство, развлечения, масс-медиа;10591;8988;11-Искусство, развлечения, масс-медиа
2022-08-02;27;Домашний персонал;10356;1019;27-Домашний персонал
2022-08-02;7;Автомобильный бизнес;9936;5327;07-Автомобильный бизнес
2022-08-02;23;Юристы;8555;11051;23-Юристы
2022-08-02;16;Государственная служба, некоммерческие организации;2539;2036;16-Государственная служба, некоммерческие организации
2022-08-02;19;Страхование;798;681;19-Страхование
2022-08-03;17;Продажи;298940;65318;17-Продажи
2022-08-03;15;Начало карьеры, студенты;147588;46423;15-Начало карьеры, студенты
2022-08-03;20;Строительство, недвижимость;139887;33815;20-Строительство, недвижимость
2022-08-03;29;Рабочий персонал;135088;16736;29-Рабочий персонал
2022-08-03;21;Транспорт, логистика;105300;40611;21-Транспорт, логистика
2022-08-03;18;Производство, сельское хозяйство;99502;43830;18-Производство, сельское хозяйство
2022-08-03;1;Информационные технологии, интернет, телеком;85119;35389;01-Информационные технологии, интернет, телеком
2022-08-03;4;Административный персонал;67630;39305;04-Административный персонал
2022-08-03;13;Медицина, фармацевтика;51108;8224;13-Медицина, фармацевтика
2022-08-03;3;Маркетинг, реклама, PR;41270;21042;03-Маркетинг, реклама, PR
2022-08-03;2;Бухгалтерия, управленческий учет, финансы предприятия;39316;28306;02-Бухгалтерия, управленческий учет, финансы предприятия
2022-08-03;22;Туризм, гостиницы, рестораны;32731;11796;22-Туризм, гостиницы, рестораны
2022-08-03;8;Безопасность;20329;10428;08-Безопасность
2022-08-03;5;Банки, инвестиции, лизинг;18429;6598;05-Банки, инвестиции, лизинг
2022-08-03;10;Добыча сырья;18259;6423;10-Добыча сырья
2022-08-03;9;Высший менеджмент;17749;13297;09-Высший менеджмент
2022-08-03;12;Консультирование;16565;790;12-Консультирование
2022-08-03;24;Спортивные клубы, фитнес, салоны красоты;16126;4090;24-Спортивные клубы, фитнес, салоны красоты
2022-08-03;6;Управление персоналом, тренинги;14797;8975;06-Управление персоналом, тренинги
2022-08-03;25;Инсталляция и сервис;14618;5509;25-Инсталляция и сервис
2022-08-03;14;Наука, образование;12821;8602;14-Наука, образование
2022-08-03;26;Закупки;12310;6295;26-Закупки
2022-08-03;11;Искусство, развлечения, масс-медиа;10548;9028;11-Искусство, развлечения, масс-медиа
2022-08-03;27;Домашний персонал;10347;1017;27-Домашний персонал
2022-08-03;7;Автомобильный бизнес;9856;5336;07-Автомобильный бизнес
2022-08-03;23;Юристы;8560;11132;23-Юристы
2022-08-03;16;Государственная служба, некоммерческие организации;2516;2043;16-Государственная служба, некоммерческие организации
2022-08-03;19;Страхование;795;696;19-Страхование
2022-08-04;17;Продажи;299431;65701;17-Продажи
2022-08-04;15;Начало карьеры, студенты;147571;46715;15-Начало карьеры, студенты
2022-08-04;20;Строительство, недвижимость;140090;33952;20-Строительство, недвижимость
2022-08-04;29;Рабочий персонал;135119;16807;29-Рабочий персонал
2022-08-04;21;Транспорт, логистика;105253;40810;21-Транспорт, логистика
2022-08-04;18;Производство, сельское хозяйство;99604;43999;18-Производство, сельское хозяйство
2022-08-04;1;Информационные технологии, интернет, телеком;85366;35507;01-Информационные технологии, интернет, телеком
2022-08-04;4;Административный персонал;67627;39492;04-Административный персонал
2022-08-04;13;Медицина, фармацевтика;51059;8240;13-Медицина, фармацевтика
2022-08-04;3;Маркетинг, реклама, PR;41222;21130;03-Маркетинг, реклама, PR
2022-08-04;2;Бухгалтерия, управленческий учет, финансы предприятия;39313;28470;02-Бухгалтерия, управленческий учет, финансы предприятия
2022-08-04;22;Туризм, гостиницы, рестораны;32669;11862;22-Туризм, гостиницы, рестораны
2022-08-04;8;Безопасность;20357;10466;08-Безопасность
2022-08-04;5;Банки, инвестиции, лизинг;18422;6616;05-Банки, инвестиции, лизинг
2022-08-04;10;Добыча сырья;18200;6464;10-Добыча сырья
2022-08-04;9;Высший менеджмент;17793;13322;09-Высший менеджмент
2022-08-04;12;Консультирование;16614;796;12-Консультирование
2022-08-04;24;Спортивные клубы, фитнес, салоны красоты;16207;4114;24-Спортивные клубы, фитнес, салоны красоты
2022-08-04;6;Управление персоналом, тренинги;14860;9012;06-Управление персоналом, тренинги
2022-08-04;25;Инсталляция и сервис;14746;5565;25-Инсталляция и сервис
2022-08-04;14;Наука, образование;13264;8647;14-Наука, образование
2022-08-04;26;Закупки;12330;6310;26-Закупки
2022-08-04;11;Искусство, развлечения, масс-медиа;10619;9059;11-Искусство, развлечения, масс-медиа
2022-08-04;27;Домашний персонал;10404;1015;27-Домашний персонал
2022-08-04;7;Автомобильный бизнес;9916;5334;07-Автомобильный бизнес
2022-08-04;23;Юристы;8536;11202;23-Юристы
2022-08-04;16;Государственная служба, некоммерческие организации;2527;2052;16-Государственная служба, некоммерческие организации
2022-08-04;19;Страхование;787;695;19-Страхование
2022-08-05;17;Продажи;300289;65515;17-Продажи
2022-08-05;15;Начало карьеры, студенты;147819;46652;15-Начало карьеры, студенты
2022-08-05;20;Строительство, недвижимость;140115;33942;20-Строительство, недвижимость
2022-08-05;29;Рабочий персонал;135081;16762;29-Рабочий персонал
2022-08-05;21;Транспорт, логистика;104578;40718;21-Транспорт, логистика
2022-08-05;18;Производство, сельское хозяйство;99298;43965;18-Производство, сельское хозяйство
2022-08-05;1;Информационные технологии, интернет, телеком;85391;35403;01-Информационные технологии, интернет, телеком
2022-08-05;4;Административный персонал;67471;39468;04-Административный персонал
2022-08-05;13;Медицина, фармацевтика;50265;8227;13-Медицина, фармацевтика
2022-08-05;3;Маркетинг, реклама, PR;40952;21117;03-Маркетинг, реклама, PR
2022-08-05;2;Бухгалтерия, управленческий учет, финансы предприятия;39217;28436;02-Бухгалтерия, управленческий учет, финансы предприятия
2022-08-05;22;Туризм, гостиницы, рестораны;32692;11835;22-Туризм, гостиницы, рестораны
2022-08-05;8;Безопасность;20220;10448;08-Безопасность
2022-08-05;5;Банки, инвестиции, лизинг;18464;6621;05-Банки, инвестиции, лизинг
2022-08-05;10;Добыча сырья;18081;6436;10-Добыча сырья
2022-08-05;9;Высший менеджмент;17786;13268;09-Высший менеджмент
2022-08-05;12;Консультирование;16647;790;12-Консультирование
2022-08-05;24;Спортивные клубы, фитнес, салоны красоты;16257;4132;24-Спортивные клубы, фитнес, салоны красоты
2022-08-05;25;Инсталляция и сервис;14877;5555;25-Инсталляция и сервис
2022-08-05;6;Управление персоналом, тренинги;14840;8983;06-Управление персоналом, тренинги
2022-08-05;14;Наука, образование;13341;8653;14-Наука, образование
2022-08-05;26;Закупки;12295;6298;26-Закупки
2022-08-05;11;Искусство, развлечения, масс-медиа;10573;9064;11-Искусство, развлечения, масс-медиа
2022-08-05;27;Домашний персонал;10345;1013;27-Домашний персонал
2022-08-05;7;Автомобильный бизнес;9935;5320;07-Автомобильный бизнес
2022-08-05;23;Юристы;8592;11182;23-Юристы
2022-08-05;16;Государственная служба, некоммерческие организации;2516;2044;16-Государственная служба, некоммерческие организации
2022-08-05;19;Страхование;836;693;19-Страхование
2022-08-06;17;Продажи;295292;65642;17-Продажи
2022-08-06;15;Начало карьеры, студенты;145365;46675;15-Начало карьеры, студенты
2022-08-06;20;Строительство, недвижимость;136621;33930;20-Строительство, недвижимость
2022-08-06;29;Рабочий персонал;132931;16774;29-Рабочий персонал
2022-08-06;21;Транспорт, логистика;103450;40715;21-Транспорт, логистика
2022-08-06;18;Производство, сельское хозяйство;96992;44017;18-Производство, сельское хозяйство
2022-08-06;1;Информационные технологии, интернет, телеком;83705;35397;01-Информационные технологии, интернет, телеком
2022-08-06;4;Административный персонал;66408;39520;04-Административный персонал
2022-08-06;13;Медицина, фармацевтика;49519;8238;13-Медицина, фармацевтика
2022-08-06;3;Маркетинг, реклама, PR;40207;21119;03-Маркетинг, реклама, PR
2022-08-06;2;Бухгалтерия, управленческий учет, финансы предприятия;38424;28422;02-Бухгалтерия, управленческий учет, финансы предприятия
2022-08-06;22;Туризм, гостиницы, рестораны;31898;11830;22-Туризм, гостиницы, рестораны
2022-08-06;8;Безопасность;19955;10424;08-Безопасность
2022-08-06;5;Банки, инвестиции, лизинг;18193;6612;05-Банки, инвестиции, лизинг
2022-08-06;10;Добыча сырья;17491;6415;10-Добыча сырья
2022-08-06;9;Высший менеджмент;17450;13288;09-Высший менеджмент
2022-08-06;12;Консультирование;16369;788;12-Консультирование
2022-08-06;24;Спортивные клубы, фитнес, салоны красоты;15956;4135;24-Спортивные клубы, фитнес, салоны красоты
2022-08-06;6;Управление персоналом, тренинги;14559;9024;06-Управление персоналом, тренинги
2022-08-06;25;Инсталляция и сервис;14531;5568;25-Инсталляция и сервис
2022-08-06;14;Наука, образование;13137;8628;14-Наука, образование
2022-08-06;26;Закупки;12017;6306;26-Закупки
2022-08-06;11;Искусство, развлечения, масс-медиа;10378;9076;11-Искусство, развлечения, масс-медиа
2022-08-06;27;Домашний персонал;10136;1015;27-Домашний персонал
2022-08-06;7;Автомобильный бизнес;9729;5332;07-Автомобильный бизнес
2022-08-06;23;Юристы;8420;11188;23-Юристы
2022-08-06;16;Государственная служба, некоммерческие организации;2488;2049;16-Государственная служба, некоммерческие организации
2022-08-06;19;Страхование;814;698;19-Страхование
2022-08-07;17;Продажи;290435;65705;17-Продажи
2022-08-07;15;Начало карьеры, студенты;143085;46677;15-Начало карьеры, студенты
2022-08-07;20;Строительство, недвижимость;133731;33976;20-Строительство, недвижимость
2022-08-07;29;Рабочий персонал;130378;16822;29-Рабочий персонал
2022-08-07;21;Транспорт, логистика;101351;40795;21-Транспорт, логистика
2022-08-07;18;Производство, сельское хозяйство;94732;44099;18-Производство, сельское хозяйство
2022-08-07;1;Информационные технологии, интернет, телеком;82096;35470;01-Информационные технологии, интернет, телеком
2022-08-07;4;Административный персонал;65255;39587;04-Административный персонал
2022-08-07;13;Медицина, фармацевтика;48759;8258;13-Медицина, фармацевтика
2022-08-07;3;Маркетинг, реклама, PR;39486;21159;03-Маркетинг, реклама, PR
2022-08-07;2;Бухгалтерия, управленческий учет, финансы предприятия;37664;28449;02-Бухгалтерия, управленческий учет, финансы предприятия
2022-08-07;22;Туризм, гостиницы, рестораны;31407;11853;22-Туризм, гостиницы, рестораны
2022-08-07;8;Безопасность;19673;10435;08-Безопасность
2022-08-07;5;Банки, инвестиции, лизинг;17908;6595;05-Банки, инвестиции, лизинг
2022-08-07;9;Высший менеджмент;17094;13296;09-Высший менеджмент
2022-08-07;10;Добыча сырья;16963;6403;10-Добыча сырья
2022-08-07;12;Консультирование;16114;785;12-Консультирование
2022-08-07;24;Спортивные клубы, фитнес, салоны красоты;15724;4128;24-Спортивные клубы, фитнес, салоны красоты
2022-08-07;6;Управление персоналом, тренинги;14275;9018;06-Управление персоналом, тренинги
2022-08-07;25;Инсталляция и сервис;14231;5601;25-Инсталляция и сервис
2022-08-07;14;Наука, образование;13007;8666;14-Наука, образование
2022-08-07;26;Закупки;11713;6306;26-Закупки
2022-08-07;11;Искусство, развлечения, масс-медиа;10209;9075;11-Искусство, развлечения, масс-медиа
2022-08-07;27;Домашний персонал;9958;1022;27-Домашний персонал
2022-08-07;7;Автомобильный бизнес;9551;5323;07-Автомобильный бизнес
2022-08-07;23;Юристы;8219;11196;23-Юристы
2022-08-07;16;Государственная служба, некоммерческие организации;2442;2053;16-Государственная служба, некоммерческие организации
2022-08-07;19;Страхование;792;704;19-Страхование
2022-08-08;17;Продажи;298362;65864;17-Продажи
2022-08-08;15;Начало карьеры, студенты;147147;46817;15-Начало карьеры, студенты
2022-08-08;20;Строительство, недвижимость;137601;34013;20-Строительство, недвижимость
2022-08-08;29;Рабочий персонал;134131;16877;29-Рабочий персонал
2022-08-08;21;Транспорт, логистика;104026;40926;21-Транспорт, логистика
2022-08-08;18;Производство, сельское хозяйство;97493;44215;18-Производство, сельское хозяйство
2022-08-08;1;Информационные технологии, интернет, телеком;84325;35540;01-Информационные технологии, интернет, телеком
2022-08-08;4;Административный персонал;67258;39766;04-Административный персонал
2022-08-08;13;Медицина, фармацевтика;49712;8283;13-Медицина, фармацевтика
2022-08-08;3;Маркетинг, реклама, PR;40788;21183;03-Маркетинг, реклама, PR
2022-08-08;2;Бухгалтерия, управленческий учет, финансы предприятия;38768;28565;02-Бухгалтерия, управленческий учет, финансы предприятия
2022-08-08;22;Туризм, гостиницы, рестораны;32383;11882;22-Туризм, гостиницы, рестораны
2022-08-08;8;Безопасность;20091;10470;08-Безопасность
2022-08-08;5;Банки, инвестиции, лизинг;18337;6600;05-Банки, инвестиции, лизинг
2022-08-08;9;Высший менеджмент;17516;13317;09-Высший менеджмент
2022-08-08;10;Добыча сырья;17453;6391;10-Добыча сырья
2022-08-08;12;Консультирование;16544;793;12-Консультирование
2022-08-08;24;Спортивные клубы, фитнес, салоны красоты;16347;4145;24-Спортивные клубы, фитнес, салоны красоты
2022-08-08;6;Управление персоналом, тренинги;14641;8986;06-Управление персоналом, тренинги
2022-08-08;25;Инсталляция и сервис;14639;5631;25-Инсталляция и сервис
2022-08-08;14;Наука, образование;13554;8696;14-Наука, образование
2022-08-08;26;Закупки;12051;6335;26-Закупки
2022-08-08;11;Искусство, развлечения, масс-медиа;10495;9077;11-Искусство, развлечения, масс-медиа
2022-08-08;27;Домашний персонал;10332;1021;27-Домашний персонал
2022-08-08;7;Автомобильный бизнес;9797;5316;07-Автомобильный бизнес
2022-08-08;23;Юристы;8477;11222;23-Юристы
2022-08-08;16;Государственная служба, некоммерческие организации;2448;2039;16-Государственная служба, некоммерческие организации
2022-08-08;19;Страхование;821;704;19-Страхование
2022-08-09;17;Продажи;306062;65977;17-Продажи
2022-08-09;15;Начало карьеры, студенты;150909;46921;15-Начало карьеры, студенты
2022-08-09;20;Строительство, недвижимость;141235;34019;20-Строительство, недвижимость
2022-08-09;29;Рабочий персонал;137971;16892;29-Рабочий персонал
2022-08-09;21;Транспорт, логистика;106644;40930;21-Транспорт, логистика
2022-08-09;18;Производство, сельское хозяйство;100157;44213;18-Производство, сельское хозяйство
2022-08-09;1;Информационные технологии, интернет, телеком;86228;35615;01-Информационные технологии, интернет, телеком
2022-08-09;4;Административный персонал;69190;39799;04-Административный персонал
2022-08-09;13;Медицина, фармацевтика;50899;8303;13-Медицина, фармацевтика
2022-08-09;3;Маркетинг, реклама, PR;41754;21240;03-Маркетинг, реклама, PR
2022-08-09;2;Бухгалтерия, управленческий учет, финансы предприятия;39732;28638;02-Бухгалтерия, управленческий учет, финансы предприятия
2022-08-09;22;Туризм, гостиницы, рестораны;33172;11874;22-Туризм, гостиницы, рестораны
2022-08-09;8;Безопасность;20544;10468;08-Безопасность
2022-08-09;5;Банки, инвестиции, лизинг;18638;6585;05-Банки, инвестиции, лизинг
2022-08-09;9;Высший менеджмент;17932;13319;09-Высший менеджмент
2022-08-09;10;Добыча сырья;17871;6386;10-Добыча сырья
2022-08-09;12;Консультирование;16891;782;12-Консультирование
2022-08-09;24;Спортивные клубы, фитнес, салоны красоты;16800;4138;24-Спортивные клубы, фитнес, салоны красоты
2022-08-09;25;Инсталляция и сервис;14986;5648;25-Инсталляция и сервис
2022-08-09;6;Управление персоналом, тренинги;14972;8993;06-Управление персоналом, тренинги
2022-08-09;14;Наука, образование;14103;8700;14-Наука, образование
2022-08-09;26;Закупки;12352;6344;26-Закупки
2022-08-09;11;Искусство, развлечения, масс-медиа;10769;9066;11-Искусство, развлечения, масс-медиа
2022-08-09;27;Домашний персонал;10629;1011;27-Домашний персонал
2022-08-09;7;Автомобильный бизнес;10161;5321;07-Автомобильный бизнес
2022-08-09;23;Юристы;8688;11231;23-Юристы
2022-08-09;16;Государственная служба, некоммерческие организации;2416;2019;16-Государственная служба, некоммерческие организации
2022-08-09;19;Страхование;834;708;19-Страхование
2022-08-10;17;Продажи;307182;66010;17-Продажи
2022-08-10;15;Начало карьеры, студенты;151645;46965;15-Начало карьеры, студенты
2022-08-10;20;Строительство, недвижимость;141683;34059;20-Строительство, недвижимость
2022-08-10;29;Рабочий персонал;139038;16918;29-Рабочий персонал
2022-08-10;21;Транспорт, логистика;107130;40953;21-Транспорт, логистика
2022-08-10;18;Производство, сельское хозяйство;100000;44247;18-Производство, сельское хозяйство
2022-08-10;1;Информационные технологии, интернет, телеком;86489;35642;01-Информационные технологии, интернет, телеком
2022-08-10;4;Административный персонал;69312;39852;04-Административный персонал
2022-08-10;13;Медицина, фармацевтика;50737;8317;13-Медицина, фармацевтика
2022-08-10;3;Маркетинг, реклама, PR;41855;21278;03-Маркетинг, реклама, PR
2022-08-10;2;Бухгалтерия, управленческий учет, финансы предприятия;39595;28700;02-Бухгалтерия, управленческий учет, финансы предприятия
2022-08-10;22;Туризм, гостиницы, рестораны;33345;11912;22-Туризм, гостиницы, рестораны
2022-08-10;8;Безопасность;20374;10509;08-Безопасность
2022-08-10;5;Банки, инвестиции, лизинг;18635;6570;05-Банки, инвестиции, лизинг
2022-08-10;9;Высший менеджмент;17952;13298;09-Высший менеджмент
2022-08-10;10;Добыча сырья;17906;6386;10-Добыча сырья
2022-08-10;12;Консультирование;16852;773;12-Консультирование
2022-08-10;24;Спортивные клубы, фитнес, салоны красоты;16848;4166;24-Спортивные клубы, фитнес, салоны красоты
2022-08-10;25;Инсталляция и сервис;14978;5688;25-Инсталляция и сервис
2022-08-10;6;Управление персоналом, тренинги;14945;8977;06-Управление персоналом, тренинги
2022-08-10;14;Наука, образование;14211;8714;14-Наука, образование
2022-08-10;26;Закупки;12347;6344;26-Закупки
2022-08-10;11;Искусство, развлечения, масс-медиа;10753;9084;11-Искусство, развлечения, масс-медиа
2022-08-10;27;Домашний персонал;10631;1014;27-Домашний персонал
2022-08-10;7;Автомобильный бизнес;10174;5305;07-Автомобильный бизнес
2022-08-10;23;Юристы;8644;11252;23-Юристы
2022-08-10;16;Государственная служба, некоммерческие организации;2412;2015;16-Государственная служба, некоммерческие организации
2022-08-10;19;Страхование;835;710;19-Страхование
2022-08-11;17;Продажи;308247;66363;17-Продажи
2022-08-11;15;Начало карьеры, студенты;152445;47117;15-Начало карьеры, студенты
2022-08-11;20;Строительство, недвижимость;141633;34202;20-Строительство, недвижимость
2022-08-11;29;Рабочий персонал;139680;17029;29-Рабочий персонал
2022-08-11;21;Транспорт, логистика;107730;41093;21-Транспорт, логистика
2022-08-11;18;Производство, сельское хозяйство;100051;44421;18-Производство, сельское хозяйство
2022-08-11;1;Информационные технологии, интернет, телеком;86194;35793;01-Информационные технологии, интернет, телеком
2022-08-11;4;Административный персонал;69697;40077;04-Административный персонал
2022-08-11;13;Медицина, фармацевтика;51024;8347;13-Медицина, фармацевтика
2022-08-11;3;Маркетинг, реклама, PR;41978;21351;03-Маркетинг, реклама, PR
2022-08-11;2;Бухгалтерия, управленческий учет, финансы предприятия;39487;28847;02-Бухгалтерия, управленческий учет, финансы предприятия
2022-08-11;22;Туризм, гостиницы, рестораны;33470;11970;22-Туризм, гостиницы, рестораны
2022-08-11;8;Безопасность;20331;10530;08-Безопасность
2022-08-11;5;Банки, инвестиции, лизинг;18700;6589;05-Банки, инвестиции, лизинг
2022-08-11;9;Высший менеджмент;17912;13312;09-Высший менеджмент
2022-08-11;10;Добыча сырья;17880;6384;10-Добыча сырья
2022-08-11;24;Спортивные клубы, фитнес, салоны красоты;16876;4191;24-Спортивные клубы, фитнес, салоны красоты
2022-08-11;12;Консультирование;16816;780;12-Консультирование
2022-08-11;25;Инсталляция и сервис;15076;5723;25-Инсталляция и сервис
2022-08-11;6;Управление персоналом, тренинги;14880;9017;06-Управление персоналом, тренинги
2022-08-11;14;Наука, образование;14410;8766;14-Наука, образование
2022-08-11;26;Закупки;12323;6366;26-Закупки
2022-08-11;11;Искусство, развлечения, масс-медиа;10776;9108;11-Искусство, развлечения, масс-медиа
2022-08-11;27;Домашний персонал;10718;1025;27-Домашний персонал
2022-08-11;7;Автомобильный бизнес;10192;5316;07-Автомобильный бизнес
2022-08-11;23;Юристы;8605;11294;23-Юристы
2022-08-11;16;Государственная служба, некоммерческие организации;2462;2016;16-Государственная служба, некоммерческие организации
2022-08-11;19;Страхование;820;717;19-Страхование
2022-08-12;17;Продажи;307858;66061;17-Продажи
2022-08-12;15;Начало карьеры, студенты;152165;46855;15-Начало карьеры, студенты
2022-08-12;20;Строительство, недвижимость;141277;34139;20-Строительство, недвижимость
2022-08-12;29;Рабочий персонал;139515;16892;29-Рабочий персонал
2022-08-12;21;Транспорт, логистика;107727;40911;21-Транспорт, логистика
2022-08-12;18;Производство, сельское хозяйство;99994;44314;18-Производство, сельское хозяйство
2022-08-12;1;Информационные технологии, интернет, телеком;86034;35711;01-Информационные технологии, интернет, телеком
2022-08-12;4;Административный персонал;69279;39863;04-Административный персонал
2022-08-12;13;Медицина, фармацевтика;51305;8324;13-Медицина, фармацевтика
2022-08-12;3;Маркетинг, реклама, PR;41819;21344;03-Маркетинг, реклама, PR
2022-08-12;2;Бухгалтерия, управленческий учет, финансы предприятия;39400;28798;02-Бухгалтерия, управленческий учет, финансы предприятия
2022-08-12;22;Туризм, гостиницы, рестораны;33666;11977;22-Туризм, гостиницы, рестораны
2022-08-12;8;Безопасность;20138;10486;08-Безопасность
2022-08-12;5;Банки, инвестиции, лизинг;18663;6571;05-Банки, инвестиции, лизинг
2022-08-12;9;Высший менеджмент;17868;13248;09-Высший менеджмент
2022-08-12;10;Добыча сырья;17841;6330;10-Добыча сырья
2022-08-12;24;Спортивные клубы, фитнес, салоны красоты;16869;4154;24-Спортивные клубы, фитнес, салоны красоты
2022-08-12;12;Консультирование;16775;768;12-Консультирование
2022-08-12;25;Инсталляция и сервис;15061;5720;25-Инсталляция и сервис
2022-08-12;6;Управление персоналом, тренинги;14804;8994;06-Управление персоналом, тренинги
2022-08-12;14;Наука, образование;14581;8757;14-Наука, образование
2022-08-12;26;Закупки;12345;6368;26-Закупки
2022-08-12;27;Домашний персонал;10805;1006;27-Домашний персонал
2022-08-12;11;Искусство, развлечения, масс-медиа;10739;9088;11-Искусство, развлечения, масс-медиа
2022-08-12;7;Автомобильный бизнес;10183;5269;07-Автомобильный бизнес
2022-08-12;23;Юристы;8526;11288;23-Юристы
2022-08-12;16;Государственная служба, некоммерческие организации;2349;1981;16-Государственная служба, некоммерческие организации
2022-08-12;19;Страхование;828;717;19-Страхование
2022-08-13;17;Продажи;302660;66099;17-Продажи
2022-08-13;15;Начало карьеры, студенты;149793;46915;15-Начало карьеры, студенты
2022-08-13;20;Строительство, недвижимость;138295;34182;20-Строительство, недвижимость
2022-08-13;29;Рабочий персонал;136905;16911;29-Рабочий персонал
2022-08-13;21;Транспорт, логистика;105632;40945;21-Транспорт, логистика
2022-08-13;18;Производство, сельское хозяйство;97904;44340;18-Производство, сельское хозяйство
2022-08-13;1;Информационные технологии, интернет, телеком;84375;35728;01-Информационные технологии, интернет, телеком
2022-08-13;4;Административный персонал;68127;39883;04-Административный персонал
2022-08-13;13;Медицина, фармацевтика;50647;8330;13-Медицина, фармацевтика
2022-08-13;3;Маркетинг, реклама, PR;41053;21397;03-Маркетинг, реклама, PR
2022-08-13;2;Бухгалтерия, управленческий учет, финансы предприятия;38519;28836;02-Бухгалтерия, управленческий учет, финансы предприятия
2022-08-13;22;Туризм, гостиницы, рестораны;33260;11992;22-Туризм, гостиницы, рестораны
2022-08-13;8;Безопасность;20000;10496;08-Безопасность
2022-08-13;5;Банки, инвестиции, лизинг;18335;6588;05-Банки, инвестиции, лизинг
2022-08-13;9;Высший менеджмент;17527;13229;09-Высший менеджмент
2022-08-13;10;Добыча сырья;17492;6331;10-Добыча сырья
2022-08-13;24;Спортивные клубы, фитнес, салоны красоты;16592;4138;24-Спортивные клубы, фитнес, салоны красоты
2022-08-13;12;Консультирование;16464;765;12-Консультирование
2022-08-13;25;Инсталляция и сервис;14808;5724;25-Инсталляция и сервис
2022-08-13;6;Управление персоналом, тренинги;14528;8993;06-Управление персоналом, тренинги
2022-08-13;14;Наука, образование;14373;8738;14-Наука, образование
2022-08-13;26;Закупки;12086;6364;26-Закупки
2022-08-13;27;Домашний персонал;10644;996;27-Домашний персонал
2022-08-13;11;Искусство, развлечения, масс-медиа;10530;9074;11-Искусство, развлечения, масс-медиа
2022-08-13;7;Автомобильный бизнес;9995;5277;07-Автомобильный бизнес
2022-08-13;23;Юристы;8372;11307;23-Юристы
2022-08-13;16;Государственная служба, некоммерческие организации;2345;1985;16-Государственная служба, некоммерческие организации
2022-08-13;19;Страхование;808;722;19-Страхование
2022-08-14;17;Продажи;297921;66139;17-Продажи
2022-08-14;15;Начало карьеры, студенты;147476;46975;15-Начало карьеры, студенты
2022-08-14;20;Строительство, недвижимость;135312;34231;20-Строительство, недвижимость
2022-08-14;29;Рабочий персонал;134248;16946;29-Рабочий персонал
2022-08-14;21;Транспорт, логистика;103213;40930;21-Транспорт, логистика
2022-08-14;18;Производство, сельское хозяйство;95787;44367;18-Производство, сельское хозяйство
2022-08-14;1;Информационные технологии, интернет, телеком;82506;35798;01-Информационные технологии, интернет, телеком
2022-08-14;4;Административный персонал;67155;39933;04-Административный персонал
2022-08-14;13;Медицина, фармацевтика;49931;8343;13-Медицина, фармацевтика
2022-08-14;3;Маркетинг, реклама, PR;40307;21384;03-Маркетинг, реклама, PR
2022-08-14;2;Бухгалтерия, управленческий учет, финансы предприятия;37763;28865;02-Бухгалтерия, управленческий учет, финансы предприятия
2022-08-14;22;Туризм, гостиницы, рестораны;32646;12017;22-Туризм, гостиницы, рестораны
2022-08-14;8;Безопасность;19806;10493;08-Безопасность
2022-08-14;5;Банки, инвестиции, лизинг;18015;6584;05-Банки, инвестиции, лизинг
2022-08-14;9;Высший менеджмент;17152;13237;09-Высший менеджмент
2022-08-14;10;Добыча сырья;16961;6338;10-Добыча сырья
2022-08-14;24;Спортивные клубы, фитнес, салоны красоты;16315;4143;24-Спортивные клубы, фитнес, салоны красоты
2022-08-14;12;Консультирование;16147;762;12-Консультирование
2022-08-14;25;Инсталляция и сервис;14470;5732;25-Инсталляция и сервис
2022-08-14;6;Управление персоналом, тренинги;14273;8989;06-Управление персоналом, тренинги
2022-08-14;14;Наука, образование;14179;8752;14-Наука, образование
2022-08-14;26;Закупки;11811;6384;26-Закупки
2022-08-14;27;Домашний персонал;10407;988;27-Домашний персонал
2022-08-14;11;Искусство, развлечения, масс-медиа;10322;9086;11-Искусство, развлечения, масс-медиа
2022-08-14;7;Автомобильный бизнес;9825;5279;07-Автомобильный бизнес
2022-08-14;23;Юристы;8208;11288;23-Юристы
2022-08-14;16;Государственная служба, некоммерческие организации;2448;1995;16-Государственная служба, некоммерческие организации
2022-08-14;19;Страхование;780;727;19-Страхование
2022-08-15;17;Продажи;304962;66513;17-Продажи
2022-08-15;15;Начало карьеры, студенты;150843;47275;15-Начало карьеры, студенты
2022-08-15;20;Строительство, недвижимость;139079;34396;20-Строительство, недвижимость
2022-08-15;29;Рабочий персонал;138153;17045;29-Рабочий персонал
2022-08-15;21;Транспорт, логистика;105976;41202;21-Транспорт, логистика
2022-08-15;18;Производство, сельское хозяйство;98434;44558;18-Производство, сельское хозяйство
2022-08-15;1;Информационные технологии, интернет, телеком;84569;35969;01-Информационные технологии, интернет, телеком
2022-08-15;4;Административный персонал;68792;40283;04-Административный персонал
2022-08-15;13;Медицина, фармацевтика;50794;8372;13-Медицина, фармацевтика
2022-08-15;3;Маркетинг, реклама, PR;41246;21546;03-Маркетинг, реклама, PR
2022-08-15;2;Бухгалтерия, управленческий учет, финансы предприятия;38736;29052;02-Бухгалтерия, управленческий учет, финансы предприятия
2022-08-15;22;Туризм, гостиницы, рестораны;33433;12050;22-Туризм, гостиницы, рестораны
2022-08-15;8;Безопасность;20221;10530;08-Безопасность
2022-08-15;5;Банки, инвестиции, лизинг;18455;6635;05-Банки, инвестиции, лизинг
2022-08-15;9;Высший менеджмент;17592;13268;09-Высший менеджмент
2022-08-15;10;Добыча сырья;17366;6345;10-Добыча сырья
2022-08-15;24;Спортивные клубы, фитнес, салоны красоты;16883;4149;24-Спортивные клубы, фитнес, салоны красоты
2022-08-15;12;Консультирование;16433;763;12-Консультирование
2022-08-15;25;Инсталляция и сервис;14849;5773;25-Инсталляция и сервис
2022-08-15;6;Управление персоналом, тренинги;14663;9038;06-Управление персоналом, тренинги
2022-08-15;14;Наука, образование;14520;8833;14-Наука, образование
2022-08-15;26;Закупки;12092;6414;26-Закупки
2022-08-15;27;Домашний персонал;10732;989;27-Домашний персонал
2022-08-15;11;Искусство, развлечения, масс-медиа;10661;9112;11-Искусство, развлечения, масс-медиа
2022-08-15;7;Автомобильный бизнес;10125;5297;07-Автомобильный бизнес
2022-08-15;23;Юристы;8480;11346;23-Юристы
2022-08-15;16;Государственная служба, некоммерческие организации;2865;2003;16-Государственная служба, некоммерческие организации
2022-08-15;19;Страхование;791;731;19-Страхование
2022-08-16;17;Продажи;312266;66453;17-Продажи
2022-08-16;15;Начало карьеры, студенты;154605;47137;15-Начало карьеры, студенты
2022-08-16;20;Строительство, недвижимость;142799;34406;20-Строительство, недвижимость
2022-08-16;29;Рабочий персонал;142121;17028;29-Рабочий персонал
2022-08-16;21;Транспорт, логистика;108656;41141;21-Транспорт, логистика
2022-08-16;18;Производство, сельское хозяйство;100926;44491;18-Производство, сельское хозяйство
2022-08-16;1;Информационные технологии, интернет, телеком;86430;35931;01-Информационные технологии, интернет, телеком
2022-08-16;4;Административный персонал;70611;40333;04-Административный персонал
2022-08-16;13;Медицина, фармацевтика;51485;8342;13-Медицина, фармацевтика
2022-08-16;3;Маркетинг, реклама, PR;42402;21499;03-Маркетинг, реклама, PR
2022-08-16;2;Бухгалтерия, управленческий учет, финансы предприятия;39729;29070;02-Бухгалтерия, управленческий учет, финансы предприятия
2022-08-16;22;Туризм, гостиницы, рестораны;34369;11979;22-Туризм, гостиницы, рестораны
2022-08-16;8;Безопасность;20586;10482;08-Безопасность
2022-08-16;5;Банки, инвестиции, лизинг;18926;6613;05-Банки, инвестиции, лизинг
2022-08-16;9;Высший менеджмент;18073;13244;09-Высший менеджмент
2022-08-16;10;Добыча сырья;17881;6295;10-Добыча сырья
2022-08-16;24;Спортивные клубы, фитнес, салоны красоты;17405;4150;24-Спортивные клубы, фитнес, салоны красоты
2022-08-16;12;Консультирование;16800;755;12-Консультирование
2022-08-16;25;Инсталляция и сервис;15166;5808;25-Инсталляция и сервис
2022-08-16;6;Управление персоналом, тренинги;14974;9014;06-Управление персоналом, тренинги
2022-08-16;14;Наука, образование;14544;8818;14-Наука, образование
2022-08-16;26;Закупки;12304;6409;26-Закупки
2022-08-16;27;Домашний персонал;11047;985;27-Домашний персонал
2022-08-16;11;Искусство, развлечения, масс-медиа;11012;9117;11-Искусство, развлечения, масс-медиа
2022-08-16;7;Автомобильный бизнес;10363;5276;07-Автомобильный бизнес
2022-08-16;23;Юристы;8684;11348;23-Юристы
2022-08-16;16;Государственная служба, некоммерческие организации;2868;1991;16-Государственная служба, некоммерческие организации
2022-08-16;19;Страхование;800;730;19-Страхование
2022-08-17;17;Продажи;311981;66461;17-Продажи
2022-08-17;15;Начало карьеры, студенты;155507;47149;15-Начало карьеры, студенты
2022-08-17;20;Строительство, недвижимость;142645;34480;20-Строительство, недвижимость
2022-08-17;29;Рабочий персонал;142376;17036;29-Рабочий персонал
2022-08-17;21;Транспорт, логистика;109544;41138;21-Транспорт, логистика
2022-08-17;18;Производство, сельское хозяйство;101120;44497;18-Производство, сельское хозяйство
2022-08-17;1;Информационные технологии, интернет, телеком;86320;35937;01-Информационные технологии, интернет, телеком
2022-08-17;4;Административный персонал;70744;40391;04-Административный персонал
2022-08-17;13;Медицина, фармацевтика;51590;8366;13-Медицина, фармацевтика
2022-08-17;3;Маркетинг, реклама, PR;42721;21553;03-Маркетинг, реклама, PR
2022-08-17;2;Бухгалтерия, управленческий учет, финансы предприятия;39732;29134;02-Бухгалтерия, управленческий учет, финансы предприятия
2022-08-17;22;Туризм, гостиницы, рестораны;34503;11978;22-Туризм, гостиницы, рестораны
2022-08-17;8;Безопасность;20278;10462;08-Безопасность
2022-08-17;5;Банки, инвестиции, лизинг;18970;6582;05-Банки, инвестиции, лизинг
2022-08-17;9;Высший менеджмент;18054;13201;09-Высший менеджмент
2022-08-17;10;Добыча сырья;17940;6284;10-Добыча сырья
2022-08-17;24;Спортивные клубы, фитнес, салоны красоты;17434;4157;24-Спортивные клубы, фитнес, салоны красоты
2022-08-17;12;Консультирование;16679;751;12-Консультирование
2022-08-17;25;Инсталляция и сервис;15194;5783;25-Инсталляция и сервис
2022-08-17;6;Управление персоналом, тренинги;15045;9017;06-Управление персоналом, тренинги
2022-08-17;14;Наука, образование;14945;8824;14-Наука, образование
2022-08-17;26;Закупки;12270;6403;26-Закупки
2022-08-17;27;Домашний персонал;11131;987;27-Домашний персонал
2022-08-17;11;Искусство, развлечения, масс-медиа;11066;9117;11-Искусство, развлечения, масс-медиа
2022-08-17;7;Автомобильный бизнес;10383;5257;07-Автомобильный бизнес
2022-08-17;23;Юристы;8648;11335;23-Юристы
2022-08-17;16;Государственная служба, некоммерческие организации;2823;1972;16-Государственная служба, некоммерческие организации
2022-08-17;19;Страхование;802;737;19-Страхование
2022-08-18;17;Продажи;313417;66777;17-Продажи
2022-08-18;15;Начало карьеры, студенты;157033;47277;15-Начало карьеры, студенты
2022-08-18;29;Рабочий персонал;142956;17105;29-Рабочий персонал
2022-08-18;20;Строительство, недвижимость;142934;34649;20-Строительство, недвижимость
2022-08-18;21;Транспорт, логистика;110103;41299;21-Транспорт, логистика
2022-08-18;18;Производство, сельское хозяйство;101441;44592;18-Производство, сельское хозяйство
2022-08-18;1;Информационные технологии, интернет, телеком;86664;36083;01-Информационные технологии, интернет, телеком
2022-08-18;4;Административный персонал;71038;40598;04-Административный персонал
2022-08-18;13;Медицина, фармацевтика;52807;8415;13-Медицина, фармацевтика
2022-08-18;3;Маркетинг, реклама, PR;43013;21645;03-Маркетинг, реклама, PR
2022-08-18;2;Бухгалтерия, управленческий учет, финансы предприятия;39673;29251;02-Бухгалтерия, управленческий учет, финансы предприятия
2022-08-18;22;Туризм, гостиницы, рестораны;34656;12021;22-Туризм, гостиницы, рестораны
2022-08-18;8;Безопасность;20493;10512;08-Безопасность
2022-08-18;5;Банки, инвестиции, лизинг;18995;6584;05-Банки, инвестиции, лизинг
2022-08-18;9;Высший менеджмент;18142;13228;09-Высший менеджмент
2022-08-18;10;Добыча сырья;17872;6276;10-Добыча сырья
2022-08-18;24;Спортивные клубы, фитнес, салоны красоты;17545;4186;24-Спортивные клубы, фитнес, салоны красоты
2022-08-18;12;Консультирование;16759;741;12-Консультирование
2022-08-18;25;Инсталляция и сервис;15251;5833;25-Инсталляция и сервис
2022-08-18;14;Наука, образование;15128;8855;14-Наука, образование
2022-08-18;6;Управление персоналом, тренинги;15029;9046;06-Управление персоналом, тренинги
2022-08-18;26;Закупки;12338;6431;26-Закупки
2022-08-18;27;Домашний персонал;11235;988;27-Домашний персонал
2022-08-18;11;Искусство, развлечения, масс-медиа;11109;9135;11-Искусство, развлечения, масс-медиа
2022-08-18;7;Автомобильный бизнес;10398;5285;07-Автомобильный бизнес
2022-08-18;23;Юристы;8644;11397;23-Юристы
2022-08-18;16;Государственная служба, некоммерческие организации;2859;1966;16-Государственная служба, некоммерческие организации
2022-08-18;19;Страхование;793;735;19-Страхование
2022-08-19;17;Продажи;314148;66569;17-Продажи
2022-08-19;15;Начало карьеры, студенты;157356;47104;15-Начало карьеры, студенты
2022-08-19;20;Строительство, недвижимость;142745;34678;20-Строительство, недвижимость
2022-08-19;29;Рабочий персонал;142739;17111;29-Рабочий персонал
2022-08-19;21;Транспорт, логистика;109987;41286;21-Транспорт, логистика
2022-08-19;18;Производство, сельское хозяйство;101285;44613;18-Производство, сельское хозяйство
2022-08-19;1;Информационные технологии, интернет, телеком;86404;35992;01-Информационные технологии, интернет, телеком
2022-08-19;4;Административный персонал;71472;40497;04-Административный персонал
2022-08-19;13;Медицина, фармацевтика;52673;8447;13-Медицина, фармацевтика
2022-08-19;3;Маркетинг, реклама, PR;42925;21597;03-Маркетинг, реклама, PR
2022-08-19;2;Бухгалтерия, управленческий учет, финансы предприятия;39552;29207;02-Бухгалтерия, управленческий учет, финансы предприятия
2022-08-19;22;Туризм, гостиницы, рестораны;34825;11990;22-Туризм, гостиницы, рестораны
2022-08-19;8;Безопасность;20662;10558;08-Безопасность
2022-08-19;5;Банки, инвестиции, лизинг;19038;6579;05-Банки, инвестиции, лизинг
2022-08-19;9;Высший менеджмент;18110;13205;09-Высший менеджмент
2022-08-19;10;Добыча сырья;17815;6246;10-Добыча сырья
2022-08-19;24;Спортивные клубы, фитнес, салоны красоты;17549;4173;24-Спортивные клубы, фитнес, салоны красоты
2022-08-19;12;Консультирование;16668;742;12-Консультирование
2022-08-19;14;Наука, образование;15346;8833;14-Наука, образование
2022-08-19;25;Инсталляция и сервис;15295;5853;25-Инсталляция и сервис
2022-08-19;6;Управление персоналом, тренинги;14922;9014;06-Управление персоналом, тренинги
2022-08-19;26;Закупки;12377;6426;26-Закупки
2022-08-19;27;Домашний персонал;11243;989;27-Домашний персонал
2022-08-19;11;Искусство, развлечения, масс-медиа;11082;9128;11-Искусство, развлечения, масс-медиа
2022-08-19;7;Автомобильный бизнес;10373;5258;07-Автомобильный бизнес
2022-08-19;23;Юристы;8611;11368;23-Юристы
2022-08-19;16;Государственная служба, некоммерческие организации;2876;1951;16-Государственная служба, некоммерческие организации
2022-08-19;19;Страхование;789;727;19-Страхование
2022-08-20;17;Продажи;309071;66560;17-Продажи
2022-08-20;15;Начало карьеры, студенты;154918;47036;15-Начало карьеры, студенты
2022-08-20;29;Рабочий персонал;139338;17108;29-Рабочий персонал
2022-08-20;20;Строительство, недвижимость;139183;34714;20-Строительство, недвижимость
2022-08-20;21;Транспорт, логистика;107655;41247;21-Транспорт, логистика
2022-08-20;18;Производство, сельское хозяйство;98966;44663;18-Производство, сельское хозяйство
2022-08-20;1;Информационные технологии, интернет, телеком;84753;36075;01-Информационные технологии, интернет, телеком
2022-08-20;4;Административный персонал;70221;40522;04-Административный персонал
2022-08-20;13;Медицина, фармацевтика;51829;8466;13-Медицина, фармацевтика
2022-08-20;3;Маркетинг, реклама, PR;42061;21577;03-Маркетинг, реклама, PR
2022-08-20;2;Бухгалтерия, управленческий учет, финансы предприятия;38778;29237;02-Бухгалтерия, управленческий учет, финансы предприятия
2022-08-20;22;Туризм, гостиницы, рестораны;34092;11977;22-Туризм, гостиницы, рестораны
2022-08-20;8;Безопасность;20348;10574;08-Безопасность
2022-08-20;5;Банки, инвестиции, лизинг;18779;6564;05-Банки, инвестиции, лизинг
2022-08-20;9;Высший менеджмент;17773;13221;09-Высший менеджмент
2022-08-20;24;Спортивные клубы, фитнес, салоны красоты;17283;4170;24-Спортивные клубы, фитнес, салоны красоты
2022-08-20;10;Добыча сырья;17239;6244;10-Добыча сырья
2022-08-20;12;Консультирование;16398;733;12-Консультирование
2022-08-20;14;Наука, образование;15181;8868;14-Наука, образование
2022-08-20;25;Инсталляция и сервис;14921;5872;25-Инсталляция и сервис
2022-08-20;6;Управление персоналом, тренинги;14618;8994;06-Управление персоналом, тренинги
2022-08-20;26;Закупки;12132;6438;26-Закупки
2022-08-20;27;Домашний персонал;11072;1004;27-Домашний персонал
2022-08-20;11;Искусство, развлечения, масс-медиа;10853;9175;11-Искусство, развлечения, масс-медиа
2022-08-20;7;Автомобильный бизнес;10156;5258;07-Автомобильный бизнес
2022-08-20;23;Юристы;8432;11376;23-Юристы
2022-08-20;16;Государственная служба, некоммерческие организации;2873;1949;16-Государственная служба, некоммерческие организации
2022-08-20;19;Страхование;765;725;19-Страхование
2022-08-21;17;Продажи;303568;66700;17-Продажи
2022-08-21;15;Начало карьеры, студенты;152596;47017;15-Начало карьеры, студенты
2022-08-21;29;Рабочий персонал;136697;17160;29-Рабочий персонал
2022-08-21;20;Строительство, недвижимость;136150;34765;20-Строительство, недвижимость
2022-08-21;21;Транспорт, логистика;105730;41320;21-Транспорт, логистика
2022-08-21;18;Производство, сельское хозяйство;96806;44760;18-Производство, сельское хозяйство
2022-08-21;1;Информационные технологии, интернет, телеком;83257;36103;01-Информационные технологии, интернет, телеком
2022-08-21;4;Административный персонал;68934;40634;04-Административный персонал
2022-08-21;13;Медицина, фармацевтика;50760;8488;13-Медицина, фармацевтика
2022-08-21;3;Маркетинг, реклама, PR;41426;21559;03-Маркетинг, реклама, PR
2022-08-21;2;Бухгалтерия, управленческий учет, финансы предприятия;37975;29268;02-Бухгалтерия, управленческий учет, финансы предприятия
2022-08-21;22;Туризм, гостиницы, рестораны;33572;12011;22-Туризм, гостиницы, рестораны
2022-08-21;8;Безопасность;18862;10580;08-Безопасность
2022-08-21;5;Банки, инвестиции, лизинг;18416;6582;05-Банки, инвестиции, лизинг
2022-08-21;9;Высший менеджмент;17381;13206;09-Высший менеджмент
2022-08-21;24;Спортивные клубы, фитнес, салоны красоты;17014;4171;24-Спортивные клубы, фитнес, салоны красоты
2022-08-21;10;Добыча сырья;16661;6246;10-Добыча сырья
2022-08-21;12;Консультирование;16104;738;12-Консультирование
2022-08-21;14;Наука, образование;14982;8902;14-Наука, образование
2022-08-21;25;Инсталляция и сервис;14602;5896;25-Инсталляция и сервис
2022-08-21;6;Управление персоналом, тренинги;14373;9022;06-Управление персоналом, тренинги
2022-08-21;26;Закупки;11902;6443;26-Закупки
2022-08-21;27;Домашний персонал;10898;995;27-Домашний персонал
2022-08-21;11;Искусство, развлечения, масс-медиа;10655;9179;11-Искусство, развлечения, масс-медиа
2022-08-21;7;Автомобильный бизнес;9958;5253;07-Автомобильный бизнес
2022-08-21;23;Юристы;8213;11387;23-Юристы
2022-08-21;16;Государственная служба, некоммерческие организации;2849;1953;16-Государственная служба, некоммерческие организации
2022-08-21;19;Страхование;739;725;19-Страхование
2022-08-22;17;Продажи;310544;66890;17-Продажи
2022-08-22;15;Начало карьеры, студенты;156543;47139;15-Начало карьеры, студенты
2022-08-22;29;Рабочий персонал;140757;17188;29-Рабочий персонал
2022-08-22;20;Строительство, недвижимость;140035;34855;20-Строительство, недвижимость
2022-08-22;21;Транспорт, логистика;108479;41338;21-Транспорт, логистика
2022-08-22;18;Производство, сельское хозяйство;99507;44847;18-Производство, сельское хозяйство
2022-08-22;1;Информационные технологии, интернет, телеком;85697;36170;01-Информационные технологии, интернет, телеком
2022-08-22;4;Административный персонал;70611;40781;04-Административный персонал
2022-08-22;13;Медицина, фармацевтика;51963;8470;13-Медицина, фармацевтика
2022-08-22;3;Маркетинг, реклама, PR;42681;21581;03-Маркетинг, реклама, PR
2022-08-22;2;Бухгалтерия, управленческий учет, финансы предприятия;38906;29327;02-Бухгалтерия, управленческий учет, финансы предприятия
2022-08-22;22;Туризм, гостиницы, рестораны;34537;12018;22-Туризм, гостиницы, рестораны
2022-08-22;8;Безопасность;20455;10589;08-Безопасность
2022-08-22;5;Банки, инвестиции, лизинг;18780;6579;05-Банки, инвестиции, лизинг
2022-08-22;9;Высший менеджмент;17873;13231;09-Высший менеджмент
2022-08-22;24;Спортивные клубы, фитнес, салоны красоты;17562;4173;24-Спортивные клубы, фитнес, салоны красоты
2022-08-22;10;Добыча сырья;17091;6231;10-Добыча сырья
2022-08-22;12;Консультирование;16498;741;12-Консультирование
2022-08-22;14;Наука, образование;15421;8994;14-Наука, образование
2022-08-22;25;Инсталляция и сервис;15012;5898;25-Инсталляция и сервис
2022-08-22;6;Управление персоналом, тренинги;14660;9015;06-Управление персоналом, тренинги
2022-08-22;26;Закупки;12280;6462;26-Закупки
2022-08-22;27;Домашний персонал;11280;994;27-Домашний персонал
2022-08-22;11;Искусство, развлечения, масс-медиа;11037;9189;11-Искусство, развлечения, масс-медиа
2022-08-22;7;Автомобильный бизнес;10207;5260;07-Автомобильный бизнес
2022-08-22;23;Юристы;8487;11392;23-Юристы
2022-08-22;16;Государственная служба, некоммерческие организации;2927;1960;16-Государственная служба, некоммерческие организации
2022-08-22;19;Страхование;751;728;19-Страхование
2022-08-23;17;Продажи;318996;66980;17-Продажи
2022-08-23;15;Начало карьеры, студенты;160289;47152;15-Начало карьеры, студенты
2022-08-23;29;Рабочий персонал;145348;17203;29-Рабочий персонал
2022-08-23;20;Строительство, недвижимость;144166;34906;20-Строительство, недвижимость
2022-08-23;21;Транспорт, логистика;111866;41400;21-Транспорт, логистика
2022-08-23;18;Производство, сельское хозяйство;102003;44873;18-Производство, сельское хозяйство
2022-08-23;1;Информационные технологии, интернет, телеком;87692;36188;01-Информационные технологии, интернет, телеком
2022-08-23;4;Административный персонал;72521;40955;04-Административный персонал
2022-08-23;13;Медицина, фармацевтика;52960;8471;13-Медицина, фармацевтика
2022-08-23;3;Маркетинг, реклама, PR;44006;21596;03-Маркетинг, реклама, PR
2022-08-23;2;Бухгалтерия, управленческий учет, финансы предприятия;39909;29394;02-Бухгалтерия, управленческий учет, финансы предприятия
2022-08-23;22;Туризм, гостиницы, рестораны;35597;12055;22-Туризм, гостиницы, рестораны
2022-08-23;8;Безопасность;20858;10589;08-Безопасность
2022-08-23;5;Банки, инвестиции, лизинг;19153;6564;05-Банки, инвестиции, лизинг
2022-08-23;9;Высший менеджмент;18278;13202;09-Высший менеджмент
2022-08-23;24;Спортивные клубы, фитнес, салоны красоты;18098;4194;24-Спортивные клубы, фитнес, салоны красоты
2022-08-23;10;Добыча сырья;17623;6190;10-Добыча сырья
2022-08-23;12;Консультирование;16775;733;12-Консультирование
2022-08-23;14;Наука, образование;15833;9005;14-Наука, образование
2022-08-23;25;Инсталляция и сервис;15449;5936;25-Инсталляция и сервис
2022-08-23;6;Управление персоналом, тренинги;15015;9043;06-Управление персоналом, тренинги
2022-08-23;26;Закупки;12560;6475;26-Закупки
2022-08-23;27;Домашний персонал;11628;992;27-Домашний персонал
2022-08-23;11;Искусство, развлечения, масс-медиа;11317;9187;11-Искусство, развлечения, масс-медиа
2022-08-23;7;Автомобильный бизнес;10488;5277;07-Автомобильный бизнес
2022-08-23;23;Юристы;8708;11418;23-Юристы
2022-08-23;16;Государственная служба, некоммерческие организации;2999;1958;16-Государственная служба, некоммерческие организации
2022-08-23;19;Страхование;760;737;19-Страхование
2022-08-24;17;Продажи;319603;67029;17-Продажи
2022-08-24;15;Начало карьеры, студенты;160608;47111;15-Начало карьеры, студенты
2022-08-24;29;Рабочий персонал;145852;17217;29-Рабочий персонал
2022-08-24;20;Строительство, недвижимость;144119;34962;20-Строительство, недвижимость
2022-08-24;21;Транспорт, логистика;112253;41412;21-Транспорт, логистика
2022-08-24;18;Производство, сельское хозяйство;101571;44960;18-Производство, сельское хозяйство
2022-08-24;1;Информационные технологии, интернет, телеком;87334;36166;01-Информационные технологии, интернет, телеком
2022-08-24;4;Административный персонал;73227;40955;04-Административный персонал
2022-08-24;13;Медицина, фармацевтика;52794;8478;13-Медицина, фармацевтика
2022-08-24;3;Маркетинг, реклама, PR;44230;21610;03-Маркетинг, реклама, PR
2022-08-24;2;Бухгалтерия, управленческий учет, финансы предприятия;39748;29456;02-Бухгалтерия, управленческий учет, финансы предприятия
2022-08-24;22;Туризм, гостиницы, рестораны;35569;12052;22-Туризм, гостиницы, рестораны
2022-08-24;8;Безопасность;20849;10582;08-Безопасность
2022-08-24;5;Банки, инвестиции, лизинг;19111;6549;05-Банки, инвестиции, лизинг
2022-08-24;9;Высший менеджмент;18330;13208;09-Высший менеджмент
2022-08-24;24;Спортивные клубы, фитнес, салоны красоты;18156;4185;24-Спортивные клубы, фитнес, салоны красоты
2022-08-24;10;Добыча сырья;17667;6186;10-Добыча сырья
2022-08-24;12;Консультирование;16861;735;12-Консультирование
2022-08-24;14;Наука, образование;16045;9033;14-Наука, образование
2022-08-24;25;Инсталляция и сервис;15433;5945;25-Инсталляция и сервис
2022-08-24;6;Управление персоналом, тренинги;15039;9071;06-Управление персоналом, тренинги
2022-08-24;26;Закупки;12495;6483;26-Закупки
2022-08-24;27;Домашний персонал;11656;991;27-Домашний персонал
2022-08-24;11;Искусство, развлечения, масс-медиа;11375;9177;11-Искусство, развлечения, масс-медиа
2022-08-24;7;Автомобильный бизнес;10510;5278;07-Автомобильный бизнес
2022-08-24;23;Юристы;8646;11406;23-Юристы
2022-08-24;16;Государственная служба, некоммерческие организации;3007;1968;16-Государственная служба, некоммерческие организации
2022-08-24;19;Страхование;742;742;19-Страхование
2022-08-25;17;Продажи;320350;67116;17-Продажи
2022-08-25;15;Начало карьеры, студенты;161254;47224;15-Начало карьеры, студенты
2022-08-25;29;Рабочий персонал;146297;17253;29-Рабочий персонал
2022-08-25;20;Строительство, недвижимость;144105;35017;20-Строительство, недвижимость
2022-08-25;21;Транспорт, логистика;112494;41482;21-Транспорт, логистика
2022-08-25;18;Производство, сельское хозяйство;101381;44957;18-Производство, сельское хозяйство
2022-08-25;1;Информационные технологии, интернет, телеком;87127;36199;01-Информационные технологии, интернет, телеком
2022-08-25;4;Административный персонал;73633;41071;04-Административный персонал
2022-08-25;13;Медицина, фармацевтика;53063;8484;13-Медицина, фармацевтика
2022-08-25;3;Маркетинг, реклама, PR;44337;21679;03-Маркетинг, реклама, PR
2022-08-25;2;Бухгалтерия, управленческий учет, финансы предприятия;39636;29558;02-Бухгалтерия, управленческий учет, финансы предприятия
2022-08-25;22;Туризм, гостиницы, рестораны;35653;12104;22-Туризм, гостиницы, рестораны
2022-08-25;8;Безопасность;20777;10592;08-Безопасность
2022-08-25;5;Банки, инвестиции, лизинг;19022;6556;05-Банки, инвестиции, лизинг
2022-08-25;9;Высший менеджмент;18226;13207;09-Высший менеджмент
2022-08-25;24;Спортивные клубы, фитнес, салоны красоты;18098;4204;24-Спортивные клубы, фитнес, салоны красоты
2022-08-25;10;Добыча сырья;17567;6161;10-Добыча сырья
2022-08-25;12;Консультирование;16833;727;12-Консультирование
2022-08-25;14;Наука, образование;16027;9070;14-Наука, образование
2022-08-25;25;Инсталляция и сервис;15433;5944;25-Инсталляция и сервис
2022-08-25;6;Управление персоналом, тренинги;15063;9061;06-Управление персоналом, тренинги
2022-08-25;26;Закупки;12397;6493;26-Закупки
2022-08-25;27;Домашний персонал;11690;990;27-Домашний персонал
2022-08-25;11;Искусство, развлечения, масс-медиа;11391;9169;11-Искусство, развлечения, масс-медиа
2022-08-25;7;Автомобильный бизнес;10527;5271;07-Автомобильный бизнес
2022-08-25;23;Юристы;8602;11434;23-Юристы
2022-08-25;16;Государственная служба, некоммерческие организации;2971;1954;16-Государственная служба, некоммерческие организации
2022-08-25;19;Страхование;745;739;19-Страхование
2022-08-26;17;Продажи;320277;66746;17-Продажи
2022-08-26;15;Начало карьеры, студенты;161547;46955;15-Начало карьеры, студенты
2022-08-26;29;Рабочий персонал;146261;17129;29-Рабочий персонал
2022-08-26;20;Строительство, недвижимость;143961;34844;20-Строительство, недвижимость
2022-08-26;21;Транспорт, логистика;112431;41298;21-Транспорт, логистика
2022-08-26;18;Производство, сельское хозяйство;101422;44795;18-Производство, сельское хозяйство
2022-08-26;1;Информационные технологии, интернет, телеком;86942;35953;01-Информационные технологии, интернет, телеком
2022-08-26;4;Административный персонал;73737;40871;04-Административный персонал
2022-08-26;13;Медицина, фармацевтика;53453;8470;13-Медицина, фармацевтика
2022-08-26;3;Маркетинг, реклама, PR;44450;21535;03-Маркетинг, реклама, PR
2022-08-26;2;Бухгалтерия, управленческий учет, финансы предприятия;39453;29437;02-Бухгалтерия, управленческий учет, финансы предприятия
2022-08-26;22;Туризм, гостиницы, рестораны;35526;12007;22-Туризм, гостиницы, рестораны
2022-08-26;8;Безопасность;20689;10527;08-Безопасность
2022-08-26;5;Банки, инвестиции, лизинг;19003;6514;05-Банки, инвестиции, лизинг
2022-08-26;9;Высший менеджмент;18110;13129;09-Высший менеджмент
2022-08-26;24;Спортивные клубы, фитнес, салоны красоты;18072;4178;24-Спортивные клубы, фитнес, салоны красоты
2022-08-26;10;Добыча сырья;17597;6111;10-Добыча сырья
2022-08-26;12;Консультирование;16880;723;12-Консультирование
2022-08-26;14;Наука, образование;15829;9019;14-Наука, образование
2022-08-26;25;Инсталляция и сервис;15561;5938;25-Инсталляция и сервис
2022-08-26;6;Управление персоналом, тренинги;15003;9053;06-Управление персоналом, тренинги
2022-08-26;26;Закупки;12403;6444;26-Закупки
2022-08-26;27;Домашний персонал;11670;977;27-Домашний персонал
2022-08-26;11;Искусство, развлечения, масс-медиа;11388;9136;11-Искусство, развлечения, масс-медиа
2022-08-26;7;Автомобильный бизнес;10454;5238;07-Автомобильный бизнес
2022-08-26;23;Юристы;8551;11399;23-Юристы
2022-08-26;16;Государственная служба, некоммерческие организации;2943;1944;16-Государственная служба, некоммерческие организации
2022-08-26;19;Страхование;739;729;19-Страхование
